lgd_distcode,lgd_statecode,cibil_distcode,cibil_statecode,state,district
603,35,603,33,Andaman And Nicobar Islands,Nicobars
632,35,632,33,Andaman And Nicobar Islands,North And Middle Andaman
602,35,602,33,Andaman And Nicobar Islands,South Andamans
502,28,502,26,Andhra Pradesh,Anantapur
503,28,503,26,Andhra Pradesh,Chittoor
505,28,505,26,Andhra Pradesh,East Godavari
506,28,506,26,Andhra Pradesh,Guntur
510,28,510,26,Andhra Pradesh,Krishna
511,28,511,26,Andhra Pradesh,Kurnool
517,28,517,26,Andhra Pradesh,Prakasam
515,28,515,26,Andhra Pradesh,Spsr Nellore
519,28,519,26,Andhra Pradesh,Srikakulam
520,28,520,26,Andhra Pradesh,Visakhapatanam
521,28,521,26,Andhra Pradesh,Vizianagaram
523,28,523,26,Andhra Pradesh,West Godavari
504,28,504,26,Andhra Pradesh,Y.S.R.
628,12,628,12,Arunachal Pradesh,Anjaw
229,12,229,12,Arunachal Pradesh,Changlang
230,12,230,12,Arunachal Pradesh,Dibang Valley
231,12,231,12,Arunachal Pradesh,East Kameng
232,12,232,12,Arunachal Pradesh,East Siang
718,12,718,12,Arunachal Pradesh,Kamle
677,12,677,12,Arunachal Pradesh,Kra  Daadi
233,12,233,12,Arunachal Pradesh,Kurung Kumey
724,12,724,12,Arunachal Pradesh,Leparada
234,12,234,12,Arunachal Pradesh,Lohit
666,12,666,12,Arunachal Pradesh,Longding
235,12,235,12,Arunachal Pradesh,Lower Dibang Valley
719,12,719,12,Arunachal Pradesh,Lower Siang
236,12,236,12,Arunachal Pradesh,Lower Subansiri
678,12,678,12,Arunachal Pradesh,Namsai
723,12,723,12,Arunachal Pradesh,Pakke Kessang
237,12,237,12,Arunachal Pradesh,Papum Pare
725,12,725,12,Arunachal Pradesh,Shi Yomi
679,12,679,12,Arunachal Pradesh,Siang
238,12,238,12,Arunachal Pradesh,Tawang
239,12,239,12,Arunachal Pradesh,Tirap
240,12,240,12,Arunachal Pradesh,Upper Siang
241,12,241,12,Arunachal Pradesh,Upper Subansiri
242,12,242,12,Arunachal Pradesh,West Kameng
243,12,243,12,Arunachal Pradesh,West Siang
616,18,616,18,Assam,Baksa
280,18,280,18,Assam,Barpeta
705,18,705,18,Assam,Biswanath
281,18,281,18,Assam,Bongaigaon
282,18,282,18,Assam,Cachar
708,18,708,18,Assam,Charaideo
612,18,612,18,Assam,Chirang
283,18,283,18,Assam,Darrang
284,18,284,18,Assam,Dhemaji
285,18,285,18,Assam,Dhubri
286,18,286,18,Assam,Dibrugarh
299,18,299,18,Assam,Dima Hasao
287,18,287,18,Assam,Goalpara
288,18,288,18,Assam,Golaghat
289,18,289,18,Assam,Hailakandi
709,18,709,18,Assam,Hojai
290,18,290,18,Assam,Jorhat
291,18,291,18,Assam,Kamrup
618,18,618,18,Assam,Kamrup Metro
292,18,292,18,Assam,Karbi Anglong
293,18,293,18,Assam,Karimganj
294,18,294,18,Assam,Kokrajhar
295,18,295,18,Assam,Lakhimpur
706,18,706,18,Assam,Majuli
296,18,296,18,Assam,Marigaon
297,18,297,18,Assam,Nagaon
298,18,298,18,Assam,Nalbari
300,18,300,18,Assam,Sivasagar
301,18,301,18,Assam,Sonitpur
707,18,707,18,Assam,South Salmara Mancachar
302,18,302,18,Assam,Tinsukia
617,18,617,18,Assam,Udalguri
710,18,710,18,Assam,West Karbi Anglong
188,10,188,10,Bihar,Araria
611,10,611,10,Bihar,Arwal
189,10,189,10,Bihar,Aurangabad
190,10,190,10,Bihar,Banka
191,10,191,10,Bihar,Begusarai
192,10,192,10,Bihar,Bhagalpur
193,10,193,10,Bihar,Bhojpur
194,10,194,10,Bihar,Buxar
195,10,195,10,Bihar,Darbhanga
196,10,196,10,Bihar,Gaya
197,10,197,10,Bihar,Gopalganj
198,10,198,10,Bihar,Jamui
199,10,199,10,Bihar,Jehanabad
200,10,200,10,Bihar,Kaimur (Bhabua)
201,10,201,10,Bihar,Katihar
202,10,202,10,Bihar,Khagaria
203,10,203,10,Bihar,Kishanganj
204,10,204,10,Bihar,Lakhisarai
205,10,205,10,Bihar,Madhepura
206,10,206,10,Bihar,Madhubani
207,10,207,10,Bihar,Munger
208,10,208,10,Bihar,Muzaffarpur
209,10,209,10,Bihar,Nalanda
210,10,210,10,Bihar,Nawada
211,10,211,10,Bihar,Pashchim Champaran
212,10,212,10,Bihar,Patna
213,10,213,10,Bihar,Purbi Champaran
214,10,214,10,Bihar,Purnia
215,10,215,10,Bihar,Rohtas
216,10,216,10,Bihar,Saharsa
217,10,217,10,Bihar,Samastipur
218,10,218,10,Bihar,Saran
219,10,219,10,Bihar,Sheikhpura
220,10,220,10,Bihar,Sheohar
221,10,221,10,Bihar,Sitamarhi
222,10,222,10,Bihar,Siwan
223,10,223,10,Bihar,Supaul
224,10,224,10,Bihar,Vaishali
44,4,44,4,Chandigarh,Chandigarh
646,22,646,22,Chhattisgarh,Balod
644,22,644,22,Chhattisgarh,Baloda Bazar
649,22,649,22,Chhattisgarh,Balrampur
374,22,374,22,Chhattisgarh,Bastar
650,22,650,22,Chhattisgarh,Bemetara
636,22,636,22,Chhattisgarh,Bijapur
375,22,375,22,Chhattisgarh,Bilaspur
376,22,376,22,Chhattisgarh,Dantewada
377,22,377,22,Chhattisgarh,Dhamtari
378,22,378,22,Chhattisgarh,Durg
645,22,645,22,Chhattisgarh,Gariyaband
379,22,379,22,Chhattisgarh,Janjgir-Champa
380,22,380,22,Chhattisgarh,Jashpur
382,22,382,22,Chhattisgarh,Kabirdham
381,22,381,22,Chhattisgarh,Kanker
643,22,643,22,Chhattisgarh,Kondagaon
383,22,383,22,Chhattisgarh,Korba
384,22,384,22,Chhattisgarh,Korea
385,22,385,22,Chhattisgarh,Mahasamund
647,22,647,22,Chhattisgarh,Mungeli
637,22,637,22,Chhattisgarh,Narayanpur
386,22,386,22,Chhattisgarh,Raigarh
387,22,387,22,Chhattisgarh,Raipur
388,22,388,22,Chhattisgarh,Rajnandgaon
642,22,642,22,Chhattisgarh,Sukma
648,22,648,22,Chhattisgarh,Surajpur
389,22,389,22,Chhattisgarh,Surguja
77,7,77,7,Delhi,Central
78,7,78,7,Delhi,East
79,7,79,7,Delhi,New Delhi
80,7,80,7,Delhi,North
81,7,81,7,Delhi,North East
82,7,82,7,Delhi,North West
671,7,671,7,Delhi,Shahdara
83,7,83,7,Delhi,South
670,7,670,7,Delhi,South East
84,7,84,7,Delhi,South West
85,7,85,7,Delhi,West
551,30,551,28,Goa,North Goa
552,30,552,28,Goa,South Goa
438,24,438,24,Gujarat,Ahmadabad
439,24,439,24,Gujarat,Amreli
440,24,440,24,Gujarat,Anand
672,24,672,24,Gujarat,Arvalli
441,24,441,24,Gujarat,Banas Kantha
442,24,442,24,Gujarat,Bharuch
443,24,443,24,Gujarat,Bhavnagar
676,24,676,24,Gujarat,Botad
668,24,668,24,Gujarat,Chhotaudepur
444,24,444,24,Gujarat,Dang
674,24,674,24,Gujarat,Devbhumi Dwarka
445,24,445,24,Gujarat,Dohad
446,24,446,24,Gujarat,Gandhinagar
675,24,675,24,Gujarat,Gir Somnath
447,24,447,24,Gujarat,Jamnagar
448,24,448,24,Gujarat,Junagadh
449,24,449,24,Gujarat,Kachchh
450,24,450,24,Gujarat,Kheda
451,24,451,24,Gujarat,Mahesana
669,24,669,24,Gujarat,Mahisagar
673,24,673,24,Gujarat,Morbi
452,24,452,24,Gujarat,Narmada
453,24,453,24,Gujarat,Navsari
454,24,454,24,Gujarat,Panch Mahals
455,24,455,24,Gujarat,Patan
456,24,456,24,Gujarat,Porbandar
457,24,457,24,Gujarat,Rajkot
458,24,458,24,Gujarat,Sabar Kantha
459,24,459,24,Gujarat,Surat
460,24,460,24,Gujarat,Surendranagar
641,24,641,24,Gujarat,Tapi
461,24,461,24,Gujarat,Vadodara
462,24,462,24,Gujarat,Valsad
58,6,58,6,Haryana,Ambala
59,6,59,6,Haryana,Bhiwani
701,6,701,6,Haryana,Charki Dadri
60,6,60,6,Haryana,Faridabad
61,6,61,6,Haryana,Fatehabad
62,6,62,6,Haryana,Gurugram
63,6,63,6,Haryana,Hisar
64,6,64,6,Haryana,Jhajjar
65,6,65,6,Haryana,Jind
66,6,66,6,Haryana,Kaithal
67,6,67,6,Haryana,Karnal
68,6,68,6,Haryana,Kurukshetra
69,6,69,6,Haryana,Mahendragarh
604,6,604,6,Haryana,Nuh
619,6,619,6,Haryana,Palwal
70,6,70,6,Haryana,Panchkula
71,6,71,6,Haryana,Panipat
72,6,72,6,Haryana,Rewari
73,6,73,6,Haryana,Rohtak
74,6,74,6,Haryana,Sirsa
75,6,75,6,Haryana,Sonipat
76,6,76,6,Haryana,Yamunanagar
15,2,15,2,Himachal Pradesh,Bilaspur
16,2,16,2,Himachal Pradesh,Chamba
17,2,17,2,Himachal Pradesh,Hamirpur
18,2,18,2,Himachal Pradesh,Kangra
19,2,19,2,Himachal Pradesh,Kinnaur
20,2,20,2,Himachal Pradesh,Kullu
21,2,21,2,Himachal Pradesh,Lahul And Spiti
22,2,22,2,Himachal Pradesh,Mandi
23,2,23,2,Himachal Pradesh,Shimla
24,2,24,2,Himachal Pradesh,Sirmaur
25,2,25,2,Himachal Pradesh,Solan
26,2,26,2,Himachal Pradesh,Una
1,1,1,1,Jammu And Kashmir,Anantnag
623,1,623,1,Jammu And Kashmir,Bandipora
3,1,3,1,Jammu And Kashmir,Baramulla
2,1,2,1,Jammu And Kashmir,Budgam
4,1,4,1,Jammu And Kashmir,Doda
626,1,626,1,Jammu And Kashmir,Ganderbal
5,1,5,1,Jammu And Kashmir,Jammu
7,1,7,1,Jammu And Kashmir,Kathua
620,1,620,1,Jammu And Kashmir,Kishtwar
622,1,622,1,Jammu And Kashmir,Kulgam
8,1,8,1,Jammu And Kashmir,Kupwara
10,1,10,1,Jammu And Kashmir,Poonch
11,1,11,1,Jammu And Kashmir,Pulwama
12,1,12,1,Jammu And Kashmir,Rajouri
621,1,621,1,Jammu And Kashmir,Ramban
627,1,627,1,Jammu And Kashmir,Reasi
624,1,624,1,Jammu And Kashmir,Samba
625,1,625,1,Jammu And Kashmir,Shopian
13,1,13,1,Jammu And Kashmir,Srinagar
14,1,14,1,Jammu And Kashmir,Udhampur
322,20,322,20,Jharkhand,Bokaro
323,20,323,20,Jharkhand,Chatra
324,20,324,20,Jharkhand,Deoghar
325,20,325,20,Jharkhand,Dhanbad
326,20,326,20,Jharkhand,Dumka
327,20,327,20,Jharkhand,East Singhbum
328,20,328,20,Jharkhand,Garhwa
329,20,329,20,Jharkhand,Giridih
330,20,330,20,Jharkhand,Godda
331,20,331,20,Jharkhand,Gumla
332,20,332,20,Jharkhand,Hazaribagh
333,20,333,20,Jharkhand,Jamtara
606,20,606,20,Jharkhand,Khunti
334,20,334,20,Jharkhand,Koderma
335,20,335,20,Jharkhand,Latehar
336,20,336,20,Jharkhand,Lohardaga
337,20,337,20,Jharkhand,Pakur
338,20,338,20,Jharkhand,Palamu
607,20,607,20,Jharkhand,Ramgarh
339,20,339,20,Jharkhand,Ranchi
340,20,340,20,Jharkhand,Sahebganj
341,20,341,20,Jharkhand,Saraikela Kharsawan
342,20,342,20,Jharkhand,Simdega
343,20,343,20,Jharkhand,West Singhbhum
524,29,524,27,Karnataka,Bagalkote
528,29,528,27,Karnataka,Ballari
527,29,527,27,Karnataka,Belagavi
526,29,526,27,Karnataka,Bengaluru Rural
525,29,525,27,Karnataka,Bengaluru Urban
529,29,529,27,Karnataka,Bidar
531,29,531,27,Karnataka,Chamarajanagara
630,29,630,27,Karnataka,Chikkaballapura
532,29,532,27,Karnataka,Chikkamagaluru
533,29,533,27,Karnataka,Chitradurga
534,29,534,27,Karnataka,Dakshina Kannada
535,29,535,27,Karnataka,Davangere
536,29,536,27,Karnataka,Dharwad
537,29,537,27,Karnataka,Gadag
539,29,539,27,Karnataka,Hassan
540,29,540,27,Karnataka,Haveri
538,29,538,27,Karnataka,Kalaburagi
541,29,541,27,Karnataka,Kodagu
542,29,542,27,Karnataka,Kolar
543,29,543,27,Karnataka,Koppal
544,29,544,27,Karnataka,Mandya
545,29,545,27,Karnataka,Mysuru
546,29,546,27,Karnataka,Raichur
631,29,631,27,Karnataka,Ramanagara
547,29,547,27,Karnataka,Shivamogga
548,29,548,27,Karnataka,Tumakuru
549,29,549,27,Karnataka,Udupi
550,29,550,27,Karnataka,Uttara Kannada
530,29,530,27,Karnataka,Vijayapura
635,29,635,27,Karnataka,Yadgir
554,32,554,30,Kerala,Alappuzha
555,32,555,30,Kerala,Ernakulam
556,32,556,30,Kerala,Idukki
557,32,557,30,Kerala,Kannur
558,32,558,30,Kerala,Kasaragod
559,32,559,30,Kerala,Kollam
560,32,560,30,Kerala,Kottayam
561,32,561,30,Kerala,Kozhikode
562,32,562,30,Kerala,Malappuram
563,32,563,30,Kerala,Palakkad
564,32,564,30,Kerala,Pathanamthitta
565,32,565,30,Kerala,Thiruvananthapuram
566,32,566,30,Kerala,Thrissur
567,32,567,30,Kerala,Wayanad
6,37,6,35,Ladakh,Kargil
9,37,9,35,Ladakh,Leh Ladakh
553,31,553,29,Lakshadweep,Lakshadweep District
667,23,667,23,Madhya Pradesh,Agar Malwa
639,23,639,23,Madhya Pradesh,Alirajpur
390,23,390,23,Madhya Pradesh,Anuppur
391,23,391,23,Madhya Pradesh,Ashoknagar
392,23,392,23,Madhya Pradesh,Balaghat
393,23,393,23,Madhya Pradesh,Barwani
394,23,394,23,Madhya Pradesh,Betul
395,23,395,23,Madhya Pradesh,Bhind
396,23,396,23,Madhya Pradesh,Bhopal
397,23,397,23,Madhya Pradesh,Burhanpur
398,23,398,23,Madhya Pradesh,Chhatarpur
399,23,399,23,Madhya Pradesh,Chhindwara
400,23,400,23,Madhya Pradesh,Damoh
401,23,401,23,Madhya Pradesh,Datia
402,23,402,23,Madhya Pradesh,Dewas
403,23,403,23,Madhya Pradesh,Dhar
404,23,404,23,Madhya Pradesh,Dindori
405,23,405,23,Madhya Pradesh,East Nimar
406,23,406,23,Madhya Pradesh,Guna
407,23,407,23,Madhya Pradesh,Gwalior
408,23,408,23,Madhya Pradesh,Harda
409,23,409,23,Madhya Pradesh,Hoshangabad
410,23,410,23,Madhya Pradesh,Indore
411,23,411,23,Madhya Pradesh,Jabalpur
412,23,412,23,Madhya Pradesh,Jhabua
413,23,413,23,Madhya Pradesh,Katni
414,23,414,23,Madhya Pradesh,Khargone
415,23,415,23,Madhya Pradesh,Mandla
416,23,416,23,Madhya Pradesh,Mandsaur
417,23,417,23,Madhya Pradesh,Morena
418,23,418,23,Madhya Pradesh,Narsinghpur
419,23,419,23,Madhya Pradesh,Neemuch
722,23,722,23,Madhya Pradesh,Niwari
420,23,420,23,Madhya Pradesh,Panna
421,23,421,23,Madhya Pradesh,Raisen
422,23,422,23,Madhya Pradesh,Rajgarh
423,23,423,23,Madhya Pradesh,Ratlam
424,23,424,23,Madhya Pradesh,Rewa
425,23,425,23,Madhya Pradesh,Sagar
426,23,426,23,Madhya Pradesh,Satna
427,23,427,23,Madhya Pradesh,Sehore
428,23,428,23,Madhya Pradesh,Seoni
429,23,429,23,Madhya Pradesh,Shahdol
430,23,430,23,Madhya Pradesh,Shajapur
431,23,431,23,Madhya Pradesh,Sheopur
432,23,432,23,Madhya Pradesh,Shivpuri
433,23,433,23,Madhya Pradesh,Sidhi
638,23,638,23,Madhya Pradesh,Singrauli
434,23,434,23,Madhya Pradesh,Tikamgarh
435,23,435,23,Madhya Pradesh,Ujjain
436,23,436,23,Madhya Pradesh,Umaria
437,23,437,23,Madhya Pradesh,Vidisha
466,27,466,25,Maharashtra,Ahmednagar
467,27,467,25,Maharashtra,Akola
468,27,468,25,Maharashtra,Amravati
469,27,469,25,Maharashtra,Aurangabad
470,27,470,25,Maharashtra,Beed
471,27,471,25,Maharashtra,Bhandara
472,27,472,25,Maharashtra,Buldhana
473,27,473,25,Maharashtra,Chandrapur
474,27,474,25,Maharashtra,Dhule
475,27,475,25,Maharashtra,Gadchiroli
476,27,476,25,Maharashtra,Gondia
477,27,477,25,Maharashtra,Hingoli
478,27,478,25,Maharashtra,Jalgaon
479,27,479,25,Maharashtra,Jalna
480,27,480,25,Maharashtra,Kolhapur
481,27,481,25,Maharashtra,Latur
482,27,482,25,Maharashtra,Mumbai
483,27,483,25,Maharashtra,Mumbai Suburban
484,27,484,25,Maharashtra,Nagpur
485,27,485,25,Maharashtra,Nanded
486,27,486,25,Maharashtra,Nandurbar
487,27,487,25,Maharashtra,Nashik
488,27,488,25,Maharashtra,Osmanabad
665,27,665,25,Maharashtra,Palghar
489,27,489,25,Maharashtra,Parbhani
490,27,490,25,Maharashtra,Pune
491,27,491,25,Maharashtra,Raigad
492,27,492,25,Maharashtra,Ratnagiri
493,27,493,25,Maharashtra,Sangli
494,27,494,25,Maharashtra,Satara
495,27,495,25,Maharashtra,Sindhudurg
496,27,496,25,Maharashtra,Solapur
497,27,497,25,Maharashtra,Thane
498,27,498,25,Maharashtra,Wardha
499,27,499,25,Maharashtra,Washim
500,27,500,25,Maharashtra,Yavatmal
252,14,252,14,Manipur,Bishnupur
253,14,253,14,Manipur,Chandel
254,14,254,14,Manipur,Churachandpur
255,14,255,14,Manipur,Imphal East
256,14,256,14,Manipur,Imphal West
713,14,713,14,Manipur,Jiribam
711,14,711,14,Manipur,Kakching
717,14,717,14,Manipur,Kamjong
712,14,712,14,Manipur,Kangpokpi
714,14,714,14,Manipur,Noney
715,14,715,14,Manipur,Pherzawl
257,14,257,14,Manipur,Senapati
258,14,258,14,Manipur,Tamenglong
716,14,716,14,Manipur,Tengnoupal
259,14,259,14,Manipur,Thoubal
260,14,260,14,Manipur,Ukhrul
273,17,273,17,Meghalaya,East Garo Hills
657,17,657,17,Meghalaya,East Jaintia Hills
274,17,274,17,Meghalaya,East Khasi Hills
656,17,656,17,Meghalaya,North Garo Hills
276,17,276,17,Meghalaya,Ri Bhoi
277,17,277,17,Meghalaya,South Garo Hills
663,17,663,17,Meghalaya,South West Garo Hills
658,17,658,17,Meghalaya,South West Khasi Hills
278,17,278,17,Meghalaya,West Garo Hills
275,17,275,17,Meghalaya,West Jaintia Hills
279,17,279,17,Meghalaya,West Khasi Hills
261,15,261,15,Mizoram,Aizawl
262,15,262,15,Mizoram,Champhai
726,15,726,15,Mizoram,Hnahthial
728,15,728,15,Mizoram,Khawzawl
263,15,263,15,Mizoram,Kolasib
264,15,264,15,Mizoram,Lawngtlai
265,15,265,15,Mizoram,Lunglei
266,15,266,15,Mizoram,Mamit
267,15,267,15,Mizoram,Saiha
727,15,727,15,Mizoram,Saitual
268,15,268,15,Mizoram,Serchhip
244,13,244,13,Nagaland,Dimapur
614,13,614,13,Nagaland,Kiphire
245,13,245,13,Nagaland,Kohima
615,13,615,13,Nagaland,Longleng
246,13,246,13,Nagaland,Mokokchung
247,13,247,13,Nagaland,Mon
613,13,613,13,Nagaland,Peren
248,13,248,13,Nagaland,Phek
249,13,249,13,Nagaland,Tuensang
250,13,250,13,Nagaland,Wokha
251,13,251,13,Nagaland,Zunheboto
344,21,344,21,Odisha,Anugul
345,21,345,21,Odisha,Balangir
346,21,346,21,Odisha,Baleshwar
347,21,347,21,Odisha,Bargarh
348,21,348,21,Odisha,Bhadrak
349,21,349,21,Odisha,Boudh
350,21,350,21,Odisha,Cuttack
351,21,351,21,Odisha,Deogarh
352,21,352,21,Odisha,Dhenkanal
353,21,353,21,Odisha,Gajapati
354,21,354,21,Odisha,Ganjam
355,21,355,21,Odisha,Jagatsinghapur
356,21,356,21,Odisha,Jajapur
357,21,357,21,Odisha,Jharsuguda
358,21,358,21,Odisha,Kalahandi
359,21,359,21,Odisha,Kandhamal
360,21,360,21,Odisha,Kendrapara
361,21,361,21,Odisha,Kendujhar
362,21,362,21,Odisha,Khordha
363,21,363,21,Odisha,Koraput
364,21,364,21,Odisha,Malkangiri
365,21,365,21,Odisha,Mayurbhanj
366,21,366,21,Odisha,Nabarangpur
367,21,367,21,Odisha,Nayagarh
368,21,368,21,Odisha,Nuapada
369,21,369,21,Odisha,Puri
370,21,370,21,Odisha,Rayagada
371,21,371,21,Odisha,Sambalpur
372,21,372,21,Odisha,Sonepur
373,21,373,21,Odisha,Sundargarh
598,34,598,32,Puducherry,Karaikal
599,34,599,32,Puducherry,Mahe
600,34,600,32,Puducherry,Pondicherry
601,34,601,32,Puducherry,Yanam
27,3,27,3,Punjab,Amritsar
605,3,605,3,Punjab,Barnala
28,3,28,3,Punjab,Bathinda
29,3,29,3,Punjab,Faridkot
30,3,30,3,Punjab,Fatehgarh Sahib
651,3,651,3,Punjab,Fazilka
31,3,31,3,Punjab,Firozepur
32,3,32,3,Punjab,Gurdaspur
33,3,33,3,Punjab,Hoshiarpur
34,3,34,3,Punjab,Jalandhar
35,3,35,3,Punjab,Kapurthala
36,3,36,3,Punjab,Ludhiana
37,3,37,3,Punjab,Mansa
38,3,38,3,Punjab,Moga
662,3,662,3,Punjab,Pathankot
41,3,41,3,Punjab,Patiala
42,3,42,3,Punjab,Rupnagar
608,3,608,3,Punjab,S.A.S Nagar
43,3,43,3,Punjab,Sangrur
40,3,40,3,Punjab,Shahid Bhagat Singh Nagar
39,3,39,3,Punjab,Sri Muktsar Sahib
609,3,609,3,Punjab,Tarn Taran
86,8,86,8,Rajasthan,Ajmer
87,8,87,8,Rajasthan,Alwar
88,8,88,8,Rajasthan,Banswara
89,8,89,8,Rajasthan,Baran
90,8,90,8,Rajasthan,Barmer
91,8,91,8,Rajasthan,Bharatpur
92,8,92,8,Rajasthan,Bhilwara
93,8,93,8,Rajasthan,Bikaner
94,8,94,8,Rajasthan,Bundi
95,8,95,8,Rajasthan,Chittorgarh
96,8,96,8,Rajasthan,Churu
97,8,97,8,Rajasthan,Dausa
98,8,98,8,Rajasthan,Dholpur
99,8,99,8,Rajasthan,Dungarpur
100,8,100,8,Rajasthan,Ganganagar
101,8,101,8,Rajasthan,Hanumangarh
102,8,102,8,Rajasthan,Jaipur
103,8,103,8,Rajasthan,Jaisalmer
104,8,104,8,Rajasthan,Jalore
105,8,105,8,Rajasthan,Jhalawar
106,8,106,8,Rajasthan,Jhunjhunu
107,8,107,8,Rajasthan,Jodhpur
108,8,108,8,Rajasthan,Karauli
109,8,109,8,Rajasthan,Kota
110,8,110,8,Rajasthan,Nagaur
111,8,111,8,Rajasthan,Pali
629,8,629,8,Rajasthan,Pratapgarh
112,8,112,8,Rajasthan,Rajsamand
113,8,113,8,Rajasthan,Sawai Madhopur
114,8,114,8,Rajasthan,Sikar
115,8,115,8,Rajasthan,Sirohi
116,8,116,8,Rajasthan,Tonk
117,8,117,8,Rajasthan,Udaipur
225,11,225,11,Sikkim,East District
226,11,226,11,Sikkim,North District
227,11,227,11,Sikkim,South District
228,11,228,11,Sikkim,West District
610,33,610,31,Tamil Nadu,Ariyalur
730,33,730,31,Tamil Nadu,Chengalpattu
568,33,568,31,Tamil Nadu,Chennai
569,33,569,31,Tamil Nadu,Coimbatore
570,33,570,31,Tamil Nadu,Cuddalore
571,33,571,31,Tamil Nadu,Dharmapuri
572,33,572,31,Tamil Nadu,Dindigul
573,33,573,31,Tamil Nadu,Erode
729,33,729,31,Tamil Nadu,Kallakurichi
574,33,574,31,Tamil Nadu,Kanchipuram
575,33,575,31,Tamil Nadu,Kanniyakumari
576,33,576,31,Tamil Nadu,Karur
577,33,577,31,Tamil Nadu,Krishnagiri
578,33,578,31,Tamil Nadu,Madurai
579,33,579,31,Tamil Nadu,Nagapattinam
580,33,580,31,Tamil Nadu,Namakkal
581,33,581,31,Tamil Nadu,Perambalur
582,33,582,31,Tamil Nadu,Pudukkottai
583,33,583,31,Tamil Nadu,Ramanathapuram
731,33,731,31,Tamil Nadu,Ranipet
584,33,584,31,Tamil Nadu,Salem
585,33,585,31,Tamil Nadu,Sivaganga
733,33,733,31,Tamil Nadu,Tenkasi
586,33,586,31,Tamil Nadu,Thanjavur
587,33,587,31,Tamil Nadu,The Nilgiris
588,33,588,31,Tamil Nadu,Theni
589,33,589,31,Tamil Nadu,Thiruvallur
590,33,590,31,Tamil Nadu,Thiruvarur
591,33,591,31,Tamil Nadu,Tiruchirappalli
592,33,592,31,Tamil Nadu,Tirunelveli
732,33,732,31,Tamil Nadu,Tirupathur
634,33,634,31,Tamil Nadu,Tiruppur
593,33,593,31,Tamil Nadu,Tiruvannamalai
594,33,594,31,Tamil Nadu,Tuticorin
595,33,595,31,Tamil Nadu,Vellore
596,33,596,31,Tamil Nadu,Villupuram
597,33,597,31,Tamil Nadu,Virudhunagar
501,36,501,34,Telangana,Adilabad
690,36,690,34,Telangana,Bhadradri Kothagudem
507,36,507,34,Telangana,Hyderabad
681,36,681,34,Telangana,Jagitial
689,36,689,34,Telangana,Jangoan
687,36,687,34,Telangana,Jayashankar Bhupalapally
695,36,695,34,Telangana,Jogulamba Gadwal
685,36,685,34,Telangana,Kamareddy
508,36,508,34,Telangana,Karimnagar
509,36,509,34,Telangana,Khammam
699,36,699,34,Telangana,Kumuram Bheem Asifabad
688,36,688,34,Telangana,Mahabubabad
512,36,512,34,Telangana,Mahabubnagar
684,36,684,34,Telangana,Mancherial
513,36,513,34,Telangana,Medak
700,36,700,34,Telangana,Medchal Malkajgiri
720,36,720,34,Telangana,Mulugu
694,36,694,34,Telangana,Nagarkurnool
514,36,514,34,Telangana,Nalgonda
721,36,721,34,Telangana,Narayanpet
680,36,680,34,Telangana,Nirmal
516,36,516,34,Telangana,Nizamabad
682,36,682,34,Telangana,Peddapalli
683,36,683,34,Telangana,Rajanna Sircilla
518,36,518,34,Telangana,Ranga Reddy
691,36,691,34,Telangana,Sangareddy
692,36,692,34,Telangana,Siddipet
696,36,696,34,Telangana,Suryapet
698,36,698,34,Telangana,Vikarabad
693,36,693,34,Telangana,Wanaparthy
522,36,522,34,Telangana,Warangal Rural
686,36,686,34,Telangana,Warangal Urban
697,36,697,34,Telangana,Yadadri Bhuvanagiri
269,16,269,16,Tripura,Dhalai
654,16,654,16,Tripura,Gomati
652,16,652,16,Tripura,Khowai
270,16,270,16,Tripura,North Tripura
653,16,653,16,Tripura,Sepahijala
271,16,271,16,Tripura,South Tripura
655,16,655,16,Tripura,Unakoti
272,16,272,16,Tripura,West Tripura
118,9,118,9,Uttar Pradesh,Agra
119,9,119,9,Uttar Pradesh,Aligarh
121,9,121,9,Uttar Pradesh,Ambedkar Nagar
640,9,640,9,Uttar Pradesh,Amethi
154,9,154,9,Uttar Pradesh,Amroha
122,9,122,9,Uttar Pradesh,Auraiya
140,9,140,9,Uttar Pradesh,Ayodhya
123,9,123,9,Uttar Pradesh,Azamgarh
124,9,124,9,Uttar Pradesh,Baghpat
125,9,125,9,Uttar Pradesh,Bahraich
126,9,126,9,Uttar Pradesh,Ballia
127,9,127,9,Uttar Pradesh,Balrampur
128,9,128,9,Uttar Pradesh,Banda
129,9,129,9,Uttar Pradesh,Barabanki
130,9,130,9,Uttar Pradesh,Bareilly
131,9,131,9,Uttar Pradesh,Basti
179,9,179,9,Uttar Pradesh,Bhadohi
132,9,132,9,Uttar Pradesh,Bijnor
133,9,133,9,Uttar Pradesh,Budaun
134,9,134,9,Uttar Pradesh,Bulandshahr
135,9,135,9,Uttar Pradesh,Chandauli
136,9,136,9,Uttar Pradesh,Chitrakoot
137,9,137,9,Uttar Pradesh,Deoria
138,9,138,9,Uttar Pradesh,Etah
139,9,139,9,Uttar Pradesh,Etawah
141,9,141,9,Uttar Pradesh,Farrukhabad
142,9,142,9,Uttar Pradesh,Fatehpur
143,9,143,9,Uttar Pradesh,Firozabad
144,9,144,9,Uttar Pradesh,Gautam Buddha Nagar
145,9,145,9,Uttar Pradesh,Ghaziabad
146,9,146,9,Uttar Pradesh,Ghazipur
147,9,147,9,Uttar Pradesh,Gonda
148,9,148,9,Uttar Pradesh,Gorakhpur
149,9,149,9,Uttar Pradesh,Hamirpur
661,9,661,9,Uttar Pradesh,Hapur
150,9,150,9,Uttar Pradesh,Hardoi
163,9,163,9,Uttar Pradesh,Hathras
151,9,151,9,Uttar Pradesh,Jalaun
152,9,152,9,Uttar Pradesh,Jaunpur
153,9,153,9,Uttar Pradesh,Jhansi
155,9,155,9,Uttar Pradesh,Kannauj
156,9,156,9,Uttar Pradesh,Kanpur Dehat
157,9,157,9,Uttar Pradesh,Kanpur Nagar
633,9,633,9,Uttar Pradesh,Kasganj
158,9,158,9,Uttar Pradesh,Kaushambi
159,9,159,9,Uttar Pradesh,Kheri
160,9,160,9,Uttar Pradesh,Kushi Nagar
161,9,161,9,Uttar Pradesh,Lalitpur
162,9,162,9,Uttar Pradesh,Lucknow
164,9,164,9,Uttar Pradesh,Maharajganj
165,9,165,9,Uttar Pradesh,Mahoba
166,9,166,9,Uttar Pradesh,Mainpuri
167,9,167,9,Uttar Pradesh,Mathura
168,9,168,9,Uttar Pradesh,Mau
169,9,169,9,Uttar Pradesh,Meerut
170,9,170,9,Uttar Pradesh,Mirzapur
171,9,171,9,Uttar Pradesh,Moradabad
172,9,172,9,Uttar Pradesh,Muzaffarnagar
173,9,173,9,Uttar Pradesh,Pilibhit
174,9,174,9,Uttar Pradesh,Pratapgarh
120,9,120,9,Uttar Pradesh,Prayagraj
175,9,175,9,Uttar Pradesh,Rae Bareli
176,9,176,9,Uttar Pradesh,Rampur
177,9,177,9,Uttar Pradesh,Saharanpur
659,9,659,9,Uttar Pradesh,Sambhal
178,9,178,9,Uttar Pradesh,Sant Kabeer Nagar
180,9,180,9,Uttar Pradesh,Shahjahanpur
660,9,660,9,Uttar Pradesh,Shamli
181,9,181,9,Uttar Pradesh,Shravasti
182,9,182,9,Uttar Pradesh,Siddharth Nagar
183,9,183,9,Uttar Pradesh,Sitapur
184,9,184,9,Uttar Pradesh,Sonbhadra
185,9,185,9,Uttar Pradesh,Sultanpur
186,9,186,9,Uttar Pradesh,Unnao
187,9,187,9,Uttar Pradesh,Varanasi
45,5,45,5,Uttarakhand,Almora
46,5,46,5,Uttarakhand,Bageshwar
47,5,47,5,Uttarakhand,Chamoli
48,5,48,5,Uttarakhand,Champawat
49,5,49,5,Uttarakhand,Dehradun
50,5,50,5,Uttarakhand,Haridwar
51,5,51,5,Uttarakhand,Nainital
52,5,52,5,Uttarakhand,Pauri Garhwal
53,5,53,5,Uttarakhand,Pithoragarh
54,5,54,5,Uttarakhand,Rudra Prayag
55,5,55,5,Uttarakhand,Tehri Garhwal
56,5,56,5,Uttarakhand,Udam Singh Nagar
57,5,57,5,Uttarakhand,Uttar Kashi
303,19,303,19,West Bengal,24 Paraganas North
304,19,304,19,West Bengal,24 Paraganas South
664,19,664,19,West Bengal,Alipurduar
305,19,305,19,West Bengal,Bankura
307,19,307,19,West Bengal,Birbhum
308,19,308,19,West Bengal,Coochbehar
309,19,309,19,West Bengal,Darjeeling
310,19,310,19,West Bengal,Dinajpur Dakshin
311,19,311,19,West Bengal,Dinajpur Uttar
312,19,312,19,West Bengal,Hooghly
313,19,313,19,West Bengal,Howrah
314,19,314,19,West Bengal,Jalpaiguri
703,19,703,19,West Bengal,Jhargram
702,19,702,19,West Bengal,Kalimpong
315,19,315,19,West Bengal,Kolkata
316,19,316,19,West Bengal,Maldah
317,19,317,19,West Bengal,Medinipur East
318,19,318,19,West Bengal,Medinipur West
319,19,319,19,West Bengal,Murshidabad
320,19,320,19,West Bengal,Nadia
704,19,704,19,West Bengal,Paschim Bardhaman
306,19,306,19,West Bengal,Purba Bardhaman
321,19,321,19,West Bengal,Purulia
